,S001,S009,S005,S008,S010,S011,S013,S019,S018,S021,S023,S024,S025,S026,S027,S028,S029,S034,S033,S037,S044,S046,S049,S064,S065,S066,S069,S070,S072,S081,S082,S083,S084,S086,S090,S094,S098,S100,S107
acdA,1,10,89,112,10,115,5,86,57,67,84,126,61,120,107,188,54,78,86,99,24,84,119,73,195,195,235,273,152,208,203,185,113,130,96,172,124,247,84
acdB,0,0,2,9,1,4,1,0,3,6,5,11,1,16,6,12,2,5,2,7,3,6,11,4,9,12,13,14,15,13,14,14,8,6,15,6,1,5,3
ackA,2,7,11,24,3,19,2,21,16,9,16,15,11,35,14,21,11,13,12,19,14,13,32,16,41,27,29,49,27,28,35,33,42,29,21,32,22,45,18
acs,0,7,50,55,9,64,6,58,32,26,46,46,29,71,70,100,36,57,40,83,17,51,79,42,148,108,138,154,113,144,102,88,94,73,52,95,91,139,51
acsD,0,1,5,4,2,6,0,2,2,3,1,1,2,5,3,7,0,2,2,1,0,2,4,1,4,7,2,2,1,7,3,5,2,3,0,4,4,8,1
amoA,0,0,0,0,0,0,0,0,1,0,0,0,0,0,0,0,0,0,1,0,0,1,0,0,0,2,0,2,0,0,0,0,0,0,0,1,1,0,0
amoB,0,0,1,0,0,0,0,0,0,0,0,0,0,0,0,0,0,0,0,0,0,0,0,0,0,0,0,0,0,1,0,0,0,0,0,0,1,1,0
amoC,0,0,0,0,0,0,0,0,0,0,0,0,0,0,0,0,0,0,0,0,0,1,0,1,0,0,0,0,0,0,0,0,0,1,0,1,0,0,0
apgM,0,0,5,2,2,2,0,6,2,1,2,0,0,3,3,6,0,1,2,2,0,1,3,2,3,2,0,2,0,0,4,1,0,1,3,3,5,4,1
cooF,0,1,2,5,0,6,0,5,1,3,5,2,3,4,7,7,0,1,3,1,0,4,6,2,5,4,5,4,5,8,7,9,4,0,4,4,3,8,4
cooS,0,0,0,0,0,0,0,1,0,0,0,0,0,0,0,0,0,0,0,0,0,0,0,1,1,0,0,0,0,0,0,1,0,0,1,1,0,0,0
dcmA,0,0,0,0,0,0,0,0,1,0,2,0,2,1,1,0,0,0,0,0,0,0,0,0,1,0,0,0,1,2,0,1,1,1,0,0,0,0,1
dcmR,0,0,0,1,0,0,0,1,0,0,0,0,0,0,0,0,0,0,0,1,0,0,0,0,1,3,0,1,0,0,0,0,0,0,0,5,1,3,0
echA,0,0,0,0,0,0,0,0,0,0,0,0,0,0,0,0,0,0,0,0,0,0,0,0,0,0,0,0,0,0,0,0,0,1,0,0,0,0,0
echB,0,0,1,0,0,1,0,0,0,0,0,0,0,1,0,0,2,0,0,0,0,0,0,0,0,0,1,0,1,1,1,1,1,2,0,0,0,0,0
echE,0,0,0,0,0,0,0,0,0,0,0,0,0,0,0,0,0,0,0,0,0,0,0,2,1,0,1,0,2,0,2,0,2,0,0,0,0,1,0
ehaO,0,0,0,0,0,0,0,0,0,0,0,0,0,0,0,0,0,0,0,0,0,0,0,0,0,0,0,0,0,0,0,0,0,0,0,0,0,0,0
ehaQ,0,0,0,0,0,0,0,0,0,0,0,0,0,0,0,0,0,0,1,0,0,0,0,0,0,0,0,0,0,0,0,0,0,0,0,0,0,0,0
ehbA,0,0,0,0,0,0,0,0,0,0,0,0,0,0,0,0,0,0,0,0,0,0,0,0,0,0,0,0,0,0,0,0,0,0,0,0,0,0,0
ehbC,0,0,0,0,0,0,0,0,0,0,0,0,0,0,0,0,0,0,0,0,1,0,0,0,0,0,0,0,0,0,0,0,0,0,0,0,0,0,0
ehbD,0,0,0,0,0,0,0,0,0,0,0,0,0,0,0,0,0,0,0,0,0,0,0,0,0,0,0,0,0,0,0,0,0,0,0,0,0,0,0
ehbE,0,0,1,0,0,1,0,0,0,1,0,0,0,0,1,1,0,0,1,1,0,0,0,0,0,0,0,1,1,0,1,0,0,0,0,0,2,2,0
ehbF,0,0,0,0,0,0,0,0,0,0,0,0,0,0,0,0,0,0,0,0,0,0,0,0,0,0,0,1,0,0,0,0,1,0,0,0,0,0,0
ehbH,0,0,1,0,1,0,0,0,0,0,0,0,0,0,1,0,0,0,0,0,0,0,0,0,0,0,3,3,1,0,1,0,0,0,0,0,4,1,0
ehbI,0,0,0,0,0,0,0,0,0,0,0,0,0,0,0,0,0,0,1,0,0,0,0,0,0,0,0,1,0,0,0,0,0,0,0,0,0,0,0
ehbK,0,0,0,0,0,0,0,0,0,0,0,0,0,0,0,0,0,0,0,0,0,0,0,0,0,0,0,0,0,0,0,0,0,0,0,0,0,0,1
ehbN,0,0,0,0,0,0,0,0,0,0,0,0,0,0,0,0,0,0,0,0,0,0,0,0,0,0,0,0,0,0,0,0,0,0,0,0,0,0,0
ehbQ,0,0,2,0,0,0,0,1,0,0,0,0,0,0,1,1,0,0,1,1,0,2,0,1,0,2,0,1,0,0,1,0,0,0,0,3,2,3,0
eno,2,10,17,15,3,12,3,18,15,3,23,16,15,21,18,45,10,14,11,16,4,19,23,14,43,41,26,41,23,42,31,39,27,22,15,32,30,32,13
fae,0,0,0,0,0,1,0,0,1,0,2,0,1,1,0,0,0,0,1,0,0,0,1,0,1,2,1,1,1,0,2,1,1,0,0,0,0,2,0
fae-hps,0,0,0,0,0,0,0,0,1,0,0,0,0,0,0,0,0,0,0,0,0,0,0,1,1,2,2,1,0,0,0,0,0,0,0,0,1,0,0
fbaA,13,13,24,19,13,15,11,16,13,22,15,17,17,22,14,25,9,17,25,12,9,22,27,19,42,37,30,44,38,43,33,30,21,27,23,36,39,30,17
fbaB,0,0,0,2,0,0,1,0,1,0,1,1,1,0,0,4,1,1,1,1,1,1,0,0,4,5,2,4,2,1,4,9,2,1,0,6,1,3,2
fbp,3,2,3,5,4,1,2,2,5,4,7,5,5,8,3,6,1,4,4,3,0,10,5,7,15,10,11,5,14,13,12,9,8,5,7,4,5,8,2
fchA,0,0,2,0,1,3,0,3,2,0,3,0,3,3,3,5,0,0,0,5,2,0,2,0,3,6,3,5,3,5,7,1,6,2,0,2,3,7,3
fdhA,0,3,20,16,3,26,0,24,23,21,21,26,12,28,23,39,13,22,14,25,5,19,26,13,37,37,27,41,35,53,39,40,29,23,12,21,24,33,26
fdhA-K00148,1,4,16,15,2,18,3,20,11,7,20,8,12,18,23,27,5,10,13,17,5,12,20,9,29,60,27,69,33,29,32,34,19,35,4,29,29,41,19
fdhB,0,0,3,8,1,4,1,7,5,3,9,1,3,6,6,0,2,4,3,7,0,2,4,5,12,9,11,10,9,13,13,17,7,4,1,1,3,9,8
fdhF,0,0,1,3,0,5,0,8,5,8,5,5,4,6,7,6,7,2,2,9,0,5,4,2,5,14,13,8,9,11,13,4,6,5,2,7,5,13,3
fdm,0,2,3,3,0,7,0,1,1,5,1,4,2,5,9,6,2,3,2,4,0,2,6,1,9,12,5,17,10,12,9,7,5,5,7,6,4,10,0
fdoG,0,2,12,12,0,12,0,15,15,5,16,5,8,17,11,30,9,7,14,20,7,12,31,11,40,46,24,51,23,26,23,18,34,27,16,21,19,34,20
fdoH,1,0,6,3,0,3,0,4,0,4,3,2,5,1,4,4,0,1,6,11,2,7,10,2,13,23,14,20,13,18,10,4,8,11,1,15,10,19,5
fdoI,0,0,2,2,1,0,0,0,0,0,1,0,1,1,2,4,1,0,1,8,0,0,0,0,3,4,3,5,4,14,3,3,3,2,2,0,2,1,0
fdsD,0,0,0,0,0,0,0,0,0,0,0,0,0,0,0,0,0,0,0,0,0,0,0,0,0,0,0,0,0,3,2,0,1,1,1,0,0,0,0
fdwB,0,1,14,11,2,17,1,9,11,6,15,12,3,22,16,19,6,13,6,8,0,10,15,7,27,24,25,33,16,25,21,30,22,19,6,14,8,11,16
fghA,0,2,2,1,1,1,3,0,2,2,2,5,2,6,1,3,0,1,2,2,2,3,1,3,7,2,6,5,6,6,2,5,2,3,9,8,10,3,5
fmdB,0,0,0,0,0,0,0,0,0,0,0,0,0,0,0,0,0,0,0,0,0,0,0,0,0,0,0,0,0,0,0,0,0,0,0,0,0,0,0
fmdC,0,0,0,0,0,1,0,0,0,0,0,0,0,0,0,0,0,0,0,0,0,0,0,0,0,0,0,0,0,0,0,0,0,0,0,0,0,1,0
folA,5,9,26,26,6,39,8,19,23,23,31,40,33,41,25,56,10,23,22,44,7,38,38,28,81,73,58,73,58,56,57,59,44,32,42,66,44,47,35
fpoA,0,2,2,6,1,6,0,5,3,2,3,3,2,4,4,11,1,3,3,9,1,3,4,2,6,7,4,10,8,5,8,6,5,8,0,3,7,9,4
fpoB,2,5,17,19,5,14,5,17,12,12,11,22,10,16,15,20,7,17,12,12,4,20,17,12,28,27,17,38,26,26,16,22,9,19,21,22,21,25,11
fpoC,0,0,1,1,1,7,0,9,4,2,5,3,4,7,3,14,1,5,3,6,0,4,4,5,9,8,11,6,3,16,7,7,3,6,5,6,2,9,9
fpoD,0,0,8,6,3,17,1,11,8,13,13,9,9,11,16,12,7,11,6,14,5,10,12,9,15,11,10,17,9,11,17,10,7,12,6,11,14,16,8
fpoH,0,1,10,6,2,14,0,10,6,5,8,10,8,8,10,19,6,12,9,17,3,6,11,15,19,12,6,15,11,26,22,17,13,15,6,9,12,15,9
fpoI,0,1,0,0,0,0,0,0,0,0,0,0,0,0,0,0,0,0,0,0,0,0,0,0,1,0,0,0,0,0,0,0,0,0,0,0,1,1,0
fpoJ,0,0,5,4,0,7,0,8,6,3,3,4,2,5,3,10,5,2,2,4,1,6,5,2,8,10,6,11,5,10,9,10,9,3,3,9,12,8,6
fpoK,0,1,4,6,0,5,0,5,3,3,6,2,6,3,2,8,3,2,5,4,1,8,6,4,6,15,6,8,6,13,7,6,8,8,2,10,3,6,1
fpoL,0,1,16,11,2,17,0,18,4,8,16,10,2,22,13,27,9,9,10,17,6,10,21,5,36,24,18,27,12,34,19,33,18,10,13,19,13,29,13
fpoM,0,0,12,19,2,6,0,27,14,7,13,8,8,14,8,24,6,7,4,21,4,10,9,8,31,29,17,29,14,35,31,21,22,14,8,22,8,23,20
fpoN,0,4,7,5,0,11,0,11,4,3,7,3,3,7,13,18,5,4,7,12,0,8,5,5,17,16,10,14,9,14,9,12,9,6,5,17,18,10,10
fqoD,0,0,0,0,0,0,0,0,0,0,0,0,0,0,1,0,0,0,0,0,0,0,0,0,0,0,0,0,0,0,0,0,0,1,0,0,0,0,0
fqoH,0,0,0,0,0,0,0,0,0,0,0,0,0,0,0,0,0,0,0,0,0,0,0,0,0,0,0,0,0,0,0,0,0,0,0,0,0,0,0
fqoL,0,0,0,0,0,0,0,0,0,0,0,0,0,0,0,0,0,0,0,0,0,0,0,0,0,0,0,0,0,0,0,0,0,0,0,0,0,0,0
frhA,0,0,0,0,0,0,0,0,0,0,0,0,0,0,0,0,0,0,0,1,0,0,0,0,1,1,2,1,0,0,1,0,0,1,0,0,0,0,0
frhB,0,0,3,0,0,1,0,0,1,1,0,0,0,0,2,1,0,0,4,0,0,0,0,1,0,0,0,0,1,0,0,1,0,0,0,0,3,0,0
frhD,0,0,0,0,0,0,0,0,0,1,0,0,0,0,0,1,0,0,0,0,0,0,0,0,1,2,3,4,0,4,3,2,1,4,1,0,1,0,0
frhG,0,0,0,0,0,0,0,0,0,0,0,0,0,0,0,1,0,0,0,0,0,0,0,0,1,0,0,0,0,1,0,0,0,0,0,0,0,0,0
frmA,3,10,32,29,6,34,4,25,29,22,39,28,14,51,37,56,27,25,16,25,10,29,42,28,68,76,45,69,43,50,62,66,37,47,37,55,42,59,30
frmB,0,0,1,0,0,0,0,0,0,0,0,2,1,0,0,2,0,1,0,1,0,0,0,0,1,1,2,1,0,2,1,0,2,0,3,2,1,0,0
ftr,0,0,1,0,0,1,0,0,0,0,0,0,0,0,1,2,0,1,0,1,0,1,1,1,0,0,0,0,0,0,0,0,0,0,0,0,1,3,0
fwdB,0,1,0,0,0,0,0,0,0,0,0,0,0,0,0,0,0,0,0,0,0,0,2,0,0,2,0,2,0,0,1,0,0,0,0,0,0,1,0
fwdC,0,0,0,0,0,0,0,0,0,0,0,0,0,0,0,1,1,0,0,0,0,0,0,0,0,0,0,0,0,1,0,0,0,0,0,0,0,0,0
gck,0,1,0,2,0,1,0,2,5,0,0,1,1,4,0,2,1,3,1,9,0,3,0,5,10,13,6,7,5,13,7,14,7,0,3,1,1,3,4
gfa,0,0,1,3,0,3,0,3,3,1,5,2,3,3,5,7,0,3,2,6,0,4,2,1,7,4,0,5,3,5,4,2,4,1,1,6,4,6,3
glpX,2,5,11,12,2,13,3,11,10,13,15,15,12,19,19,24,7,14,14,23,7,18,27,9,22,27,20,36,19,18,28,23,22,25,21,23,21,25,6
glyA,4,17,44,48,10,40,6,33,22,32,40,57,28,61,41,92,23,30,37,42,19,35,42,36,116,97,114,102,84,103,52,93,68,61,89,87,49,91,38
gpmB,1,4,10,23,5,25,4,13,6,8,9,22,8,16,8,26,5,13,11,14,2,23,22,13,29,31,20,54,21,33,33,16,11,19,18,46,32,32,6
gpmI,0,2,6,11,2,9,2,9,3,8,11,7,7,12,15,16,6,5,4,10,5,5,14,4,18,20,21,26,17,18,14,23,10,11,7,16,9,19,17
hdrA1,0,0,0,0,0,0,0,0,0,0,0,0,0,1,1,1,1,1,0,2,0,0,1,0,4,1,1,2,1,4,1,0,0,0,1,0,2,0,0
hdrA2,1,0,2,4,0,3,0,4,0,1,1,2,4,3,7,7,3,3,2,7,1,1,4,5,13,12,8,12,7,12,6,10,6,7,5,4,7,6,2
hdrB1,0,0,1,0,0,2,0,0,1,0,2,0,0,0,0,1,0,0,0,0,0,1,0,0,0,0,1,1,0,0,0,1,0,0,0,0,1,0,1
hdrB2,0,0,1,1,0,2,0,0,0,0,0,2,0,3,2,3,0,0,1,0,0,1,1,0,1,0,0,1,1,0,0,0,0,0,1,0,1,1,1
hdrC1,0,0,0,0,0,0,0,0,0,0,0,0,1,0,0,0,0,0,1,0,0,0,0,0,0,1,0,1,0,0,0,0,0,0,0,1,0,1,0
hdrC2,0,0,1,1,0,1,0,1,0,0,2,1,0,3,2,3,1,5,1,0,0,0,3,0,1,1,0,0,0,1,0,0,0,0,0,0,1,0,1
hdrD,0,2,13,5,0,17,2,6,4,5,7,16,5,4,10,11,7,10,6,10,3,8,16,15,15,19,8,33,12,13,13,17,12,10,7,19,14,23,8
hdrE,0,0,0,0,0,0,0,0,0,0,0,0,0,0,0,0,1,0,0,0,0,0,0,0,0,0,0,0,0,0,0,0,0,0,0,0,0,0,0
hmd,0,0,0,0,0,1,0,1,1,0,0,1,2,2,0,0,1,0,0,3,1,2,0,0,3,3,2,0,1,1,1,0,1,0,2,1,1,0,0
hprA,0,1,10,12,1,8,1,11,9,1,7,4,3,14,11,6,1,5,5,15,2,13,14,8,26,32,19,30,26,25,27,24,14,15,5,14,7,32,26
hxlA,2,2,4,3,1,1,2,2,2,3,4,3,1,2,4,5,4,4,2,6,2,2,4,0,8,4,6,4,4,6,6,4,8,4,3,5,5,2,2
hxlB,3,1,4,3,3,4,4,1,3,2,3,3,6,5,2,5,1,4,4,4,5,5,3,3,6,6,5,8,4,7,6,5,5,5,8,11,9,6,1
mauA,0,0,1,0,0,0,0,0,1,0,0,0,0,0,0,0,0,0,0,0,0,0,1,0,2,0,0,0,1,1,1,1,0,1,0,0,0,1,1
mauB,0,0,0,0,0,0,0,0,0,0,0,0,0,0,0,0,0,0,0,0,0,0,0,0,4,0,0,0,0,0,2,0,0,1,0,0,0,1,2
mauC,0,0,10,12,1,23,0,8,11,3,12,6,8,10,11,18,2,4,12,7,0,3,15,5,23,27,8,14,5,17,12,14,10,2,4,8,14,18,12
mauD,0,0,0,0,0,0,0,0,0,0,0,0,0,0,0,0,0,0,0,0,0,0,0,0,0,1,0,0,0,0,0,0,0,0,0,0,0,0,0
mauE,0,0,0,3,0,0,0,1,1,0,2,0,0,3,0,1,0,1,0,1,0,1,0,0,6,4,2,3,0,2,2,1,1,2,0,0,0,1,0
mbhJ,0,0,0,0,0,0,0,0,0,0,0,0,0,4,0,3,0,0,0,2,0,0,1,0,7,2,3,2,3,2,5,5,4,0,1,0,1,1,0
mbhK,0,0,0,0,0,0,0,0,0,0,0,0,0,0,0,0,0,0,0,0,0,0,0,0,0,0,0,0,0,0,0,0,0,0,0,0,0,0,0
mbhL,0,0,0,0,0,0,0,0,0,0,0,0,0,0,0,0,0,0,0,0,0,0,1,0,1,2,2,0,1,0,0,0,0,1,0,0,0,0,0
mch,0,0,0,0,0,2,0,1,0,0,0,0,0,0,1,1,0,0,0,0,0,0,1,0,0,2,0,1,0,0,1,0,1,0,0,0,2,4,1
mcl,0,2,14,15,0,15,0,11,14,7,5,16,6,15,11,26,10,12,11,9,4,16,10,10,28,23,15,33,21,29,32,24,14,17,25,20,20,27,9
mdh,2,5,14,7,2,12,1,5,6,5,2,10,4,6,4,11,2,7,8,6,2,8,9,11,12,19,6,14,13,15,12,14,13,9,14,15,12,12,5
mdh-K00024,5,11,24,32,5,18,5,29,16,23,26,27,13,28,18,35,14,18,24,26,6,18,30,25,33,27,37,50,27,33,33,40,29,34,29,47,31,37,14
mdo,0,0,0,2,0,1,0,0,0,0,0,1,0,0,0,0,0,0,0,0,0,0,1,0,1,2,0,1,0,1,2,0,1,0,0,0,0,1,0
mer,1,1,21,19,7,39,1,34,18,8,25,20,16,20,28,53,5,11,18,9,0,26,38,26,76,110,45,129,33,30,92,39,24,43,12,97,51,75,37
metF,0,5,18,12,2,9,3,18,8,10,14,15,15,16,17,33,5,8,21,13,6,14,36,16,32,18,21,46,18,30,21,27,20,28,27,16,21,28,10
mgdA,0,0,0,0,0,0,0,0,0,0,0,0,0,0,0,1,0,0,0,0,0,0,0,0,3,0,2,1,1,2,0,0,0,1,0,1,1,0,1
mgdB,0,0,0,0,0,0,0,0,0,0,1,0,0,0,1,1,0,0,0,0,0,0,0,0,2,0,0,0,0,0,0,0,0,0,0,0,1,1,0
mgdD,0,0,0,0,0,0,0,0,0,0,1,0,0,0,0,0,0,0,0,0,0,0,0,0,0,0,0,0,0,0,0,0,0,0,0,0,0,0,0
mgsA,0,0,4,4,0,5,0,2,3,0,2,1,2,1,4,5,2,0,4,0,2,2,3,2,5,2,4,7,4,4,6,2,4,2,1,0,5,4,2
mgsB,0,0,0,1,0,1,0,0,1,0,0,0,1,2,0,3,0,0,0,1,1,1,1,0,2,2,1,4,0,4,2,2,1,1,0,0,5,0,0
mgsC,0,0,15,6,0,13,1,4,9,11,7,11,6,11,15,11,7,11,10,3,2,10,11,10,13,16,2,15,8,11,8,9,5,11,7,14,15,14,4
mmoC,0,2,2,4,1,7,0,7,3,2,9,4,1,7,7,9,2,2,3,10,1,4,8,4,24,15,13,21,7,13,11,5,14,10,7,10,6,9,7
mmoX,0,0,0,0,0,1,0,0,0,0,1,0,0,0,0,0,0,0,0,0,0,0,1,0,1,0,1,0,1,2,0,0,0,0,0,1,0,1,0
mmoY,0,0,0,0,0,0,0,0,0,0,0,0,0,0,0,0,0,0,0,0,0,0,0,0,0,0,0,1,0,0,0,0,0,0,0,0,0,0,0
mtaA,0,0,1,0,0,0,0,1,0,0,0,0,0,0,0,1,0,0,1,0,0,1,0,0,1,2,0,1,0,2,1,0,0,0,0,2,1,2,0
mtaB,0,0,0,0,0,0,0,0,0,0,0,0,0,0,0,0,0,0,0,0,0,0,0,0,0,0,0,0,0,0,2,0,1,0,0,0,0,0,0
mtaC,0,0,0,0,0,0,0,0,0,0,0,0,0,0,0,0,0,0,0,0,0,0,0,0,0,0,0,0,0,0,0,0,0,0,0,0,0,0,0
mtbA,0,0,0,0,0,0,0,0,0,0,0,0,0,0,0,1,0,0,0,0,0,0,0,0,1,1,0,1,0,0,2,1,1,0,0,0,0,0,0
mtbC,2,4,4,1,0,3,2,5,4,3,2,12,4,8,4,8,5,7,4,15,5,7,4,7,25,11,15,14,12,27,22,14,19,5,9,14,12,9,11
mtdA,0,0,0,0,0,2,0,0,0,0,0,0,0,0,0,1,1,1,0,0,0,1,0,1,0,0,0,0,0,0,0,1,0,0,0,0,0,1,0
mtdB,0,0,0,0,0,2,0,0,0,0,0,0,0,0,0,1,0,0,0,0,0,0,0,0,0,1,0,0,0,1,1,0,0,0,0,0,0,1,1
mtkA,0,0,8,8,0,5,1,4,5,5,10,11,4,13,8,13,9,9,9,8,2,7,10,5,10,14,12,15,14,9,7,11,6,10,9,13,13,18,7
mtkB,0,2,11,8,2,19,0,6,9,7,6,10,8,14,10,20,4,10,13,15,2,10,13,11,24,12,16,20,8,12,16,16,15,9,14,16,14,27,7
mtrA,0,0,0,0,0,0,0,1,1,0,0,0,1,0,0,0,0,0,0,0,0,0,0,0,0,0,0,3,0,0,1,1,3,0,0,1,1,1,0
mtsA,0,0,0,0,0,0,0,0,0,0,0,0,0,1,0,0,0,0,0,0,0,0,0,0,0,0,0,0,0,0,0,0,0,0,0,0,1,0,0
mttB,0,0,0,2,0,1,0,1,0,2,2,3,0,1,2,0,0,0,0,0,0,0,2,1,2,1,0,2,0,1,0,4,4,1,0,3,3,2,1
mttC,0,0,0,0,0,1,0,1,1,0,1,1,1,0,1,0,0,0,0,0,0,0,1,0,1,1,0,1,0,0,0,0,0,0,1,0,0,2,0
mvhA,0,0,1,0,0,2,0,0,0,0,0,0,0,0,0,0,0,0,0,0,0,0,1,0,3,4,2,3,3,4,3,1,0,3,0,0,1,0,1
mvhD,0,0,0,0,0,0,0,0,0,0,0,0,0,0,0,0,0,0,0,0,0,1,0,0,1,1,0,0,0,1,0,0,0,1,1,0,0,0,0
mvhG,0,0,1,0,0,1,0,0,0,0,0,1,0,0,0,0,0,0,0,2,0,0,3,0,0,1,1,1,0,1,1,0,0,0,0,0,0,1,0
mxaC,0,0,0,0,0,0,0,0,0,0,0,0,0,0,0,1,0,0,1,0,0,0,1,0,1,0,0,0,0,1,0,0,0,0,0,0,0,0,0
mxaD,0,0,0,1,0,0,0,0,0,0,0,0,0,1,0,1,0,1,0,0,0,0,0,0,1,0,1,0,1,1,1,0,0,0,0,0,0,0,2
mxaF,1,1,3,19,1,7,0,17,17,4,4,3,3,20,14,27,5,9,3,23,4,11,16,9,39,28,28,31,25,52,53,30,39,20,10,0,10,22,28
mxaG,0,0,0,0,0,0,0,0,0,0,0,0,0,0,0,0,0,0,0,0,0,0,0,0,1,0,0,2,0,0,1,0,0,0,0,0,0,0,0
mxaJ,0,0,1,0,0,0,0,0,0,0,0,0,0,0,0,0,0,0,0,0,0,0,0,0,0,0,0,0,0,1,1,0,0,0,0,0,0,0,0
mxaK,0,0,0,0,0,0,0,0,0,0,0,0,0,0,0,0,0,0,0,0,0,0,0,0,2,0,0,0,0,0,0,0,0,0,0,0,0,0,0
mxaL,0,0,0,0,0,0,0,2,1,0,0,0,0,2,1,2,0,1,0,0,0,0,1,0,0,0,2,2,2,3,1,0,1,1,1,0,0,1,1
napH,0,0,0,0,0,0,0,0,0,0,0,0,0,0,0,0,0,0,0,1,0,0,0,0,0,0,0,0,0,1,0,1,0,0,0,0,0,0,1
nod,0,0,0,0,0,0,0,1,0,0,0,0,0,0,0,0,1,0,0,0,0,0,0,0,0,0,0,0,0,0,0,1,1,1,0,0,0,0,0
nrfH,0,0,0,0,0,1,0,0,0,0,0,0,0,1,0,0,0,0,0,0,0,0,0,0,1,0,0,0,0,0,0,0,0,0,0,0,0,0,1
pfkA,1,4,13,11,2,16,6,4,4,11,8,10,3,14,11,22,3,5,8,16,3,9,13,5,9,14,9,11,10,10,10,12,15,8,6,9,17,12,3
pfkB,2,6,9,4,3,17,1,3,0,5,5,7,4,7,5,5,5,3,4,3,5,6,7,6,17,10,14,16,5,14,12,16,4,5,7,14,7,12,3
pfkC,0,0,0,0,0,0,0,0,0,0,0,0,0,0,0,0,0,0,0,0,0,0,0,0,0,0,0,0,0,0,0,0,0,0,0,0,0,0,0
pfp,1,2,32,36,6,40,1,31,27,20,29,36,22,31,38,69,19,25,28,31,8,19,38,30,67,72,31,81,31,43,40,34,17,38,25,63,56,58,22
porA,0,1,3,5,0,10,0,10,9,3,4,4,4,7,8,12,1,4,5,14,1,9,9,10,14,14,8,16,4,10,10,9,16,5,1,8,9,17,10
porB,0,0,3,5,0,12,0,8,7,1,3,4,3,3,2,9,0,1,1,6,1,6,5,7,8,14,8,10,2,3,6,6,4,6,5,4,2,9,4
porD,0,0,1,4,0,9,0,6,2,1,2,3,0,2,1,5,2,0,3,8,1,6,7,4,5,8,9,7,0,3,6,7,4,6,3,4,7,6,2
porG,0,0,0,0,0,0,0,0,2,0,0,1,0,0,1,1,0,1,0,3,0,1,0,1,1,1,0,2,2,2,2,0,0,1,0,2,1,3,1
pqqA,0,0,1,4,0,7,1,0,2,0,5,0,2,0,2,6,2,5,2,1,1,2,3,3,3,2,3,3,3,3,2,2,5,3,2,1,3,2,2
pqqB,0,0,1,5,0,3,0,4,3,2,3,0,1,3,1,0,0,1,1,4,2,1,5,2,8,9,9,3,4,10,3,5,8,1,4,2,2,7,5
pqqC,0,0,1,6,0,1,0,6,4,0,5,2,2,5,2,4,0,1,1,4,3,1,8,0,5,8,4,10,6,5,4,13,7,0,0,1,0,4,9
pqqD,0,1,1,0,0,0,1,1,0,1,0,0,3,1,3,1,1,1,0,3,1,2,1,2,4,3,1,4,3,1,0,3,3,1,0,1,1,2,0
pqqE,0,0,3,12,2,5,0,6,5,0,5,1,3,8,4,10,3,3,3,11,0,7,14,7,32,19,25,22,19,31,24,18,13,18,5,9,9,21,14
pqqF,0,0,2,3,0,9,0,6,2,5,5,4,6,5,5,10,3,5,6,4,1,3,5,4,13,15,9,14,7,11,7,10,5,7,6,11,13,9,4
psp,0,0,0,0,0,0,0,0,0,0,0,0,0,0,0,0,0,0,0,0,0,0,0,0,0,0,0,1,1,0,0,0,1,0,0,1,0,0,0
pta,4,10,20,21,5,19,11,28,17,16,18,30,17,29,17,38,14,25,16,21,7,33,37,29,55,46,31,61,37,47,47,38,23,28,25,50,32,44,25
qhpA,0,0,0,0,0,0,0,0,0,0,0,0,0,0,0,0,0,0,0,0,0,0,0,0,1,0,0,0,2,0,0,0,0,0,0,0,0,0,1
rnfA,0,0,0,0,0,0,1,0,0,0,0,0,0,0,0,1,1,0,1,0,0,0,0,0,0,2,1,2,0,0,0,0,0,0,0,0,0,0,0
rnfB,1,6,5,3,1,7,2,9,2,5,4,8,9,7,12,20,3,6,4,10,2,10,9,7,19,14,12,17,11,9,14,10,5,6,9,12,12,6,4
rnfC,0,0,0,0,0,0,0,0,0,0,0,1,1,0,0,1,0,1,1,0,0,0,0,0,1,0,0,1,1,0,2,0,0,0,3,0,0,0,0
rnfD,0,0,0,0,0,0,0,1,1,0,1,0,1,0,0,1,1,0,0,2,0,2,0,0,0,3,2,2,0,1,0,0,0,0,2,4,0,4,1
rnfE,3,4,3,4,4,4,4,7,6,3,5,5,4,9,6,15,3,6,4,5,4,5,5,5,12,15,11,16,13,17,13,10,7,11,15,11,9,12,3
rnfG,0,0,0,0,0,0,0,0,1,1,0,1,1,0,0,2,0,0,0,0,1,0,1,1,2,0,0,0,1,2,0,2,0,0,2,0,0,1,0
serA,4,4,23,41,6,30,5,26,29,17,20,33,18,38,26,39,8,16,21,33,14,34,36,35,80,85,60,67,58,64,46,59,45,50,40,60,45,66,37
serB,7,9,20,15,6,19,2,14,7,11,13,42,20,21,16,47,20,15,17,13,12,27,25,20,34,34,27,42,30,31,20,35,26,20,41,41,41,26,13
serC,0,4,2,2,1,4,1,2,0,5,5,5,2,7,6,10,4,5,6,8,0,4,6,6,10,10,9,15,10,14,9,5,10,8,8,7,7,8,6
thrH,0,0,0,0,0,0,0,0,0,0,0,0,1,0,0,0,0,0,0,0,0,0,0,1,0,0,0,0,1,0,0,0,0,0,0,0,0,0,0
tmm,0,0,3,3,0,0,0,1,2,1,0,5,0,6,1,3,1,0,3,1,0,0,2,2,1,1,2,4,1,2,5,1,1,4,1,0,2,4,1
torA,0,0,2,2,0,2,1,3,7,1,4,5,1,7,4,6,3,4,2,5,0,9,7,3,17,5,12,15,16,12,12,6,8,4,3,4,4,8,10
torC,0,0,0,0,0,0,0,0,0,0,0,1,0,0,0,0,0,0,0,0,0,0,0,0,1,0,0,0,0,0,0,0,0,1,2,0,0,0,1
torD,0,0,0,0,0,0,0,0,0,0,0,0,0,0,0,0,0,0,0,1,0,0,0,0,1,0,0,0,0,0,0,0,0,0,0,0,0,0,0
torY,0,0,0,0,0,0,0,0,0,0,0,0,0,0,0,0,0,0,0,0,0,0,0,0,0,0,0,0,0,0,0,1,0,0,0,0,0,0,0
torZ,0,0,0,1,2,1,0,1,0,0,0,3,2,2,3,1,2,0,3,2,0,4,5,4,5,11,2,1,3,7,4,4,2,3,0,4,3,2,3
vhcA,0,0,0,0,0,0,0,0,0,0,0,0,0,0,0,1,0,0,0,2,0,0,0,0,0,0,0,0,0,0,2,0,0,3,0,0,0,1,0
vhcD,0,0,0,0,0,0,0,0,0,0,0,0,0,0,0,0,0,0,0,0,0,0,0,0,0,0,0,0,0,0,0,0,0,0,0,0,0,0,0
vhcG,0,0,0,0,0,1,0,0,0,0,0,0,0,0,1,0,1,0,0,1,0,0,0,0,0,0,0,2,0,1,0,0,0,0,0,0,0,0,0
vhtG,0,0,0,2,0,0,0,0,2,1,2,0,0,1,1,2,1,0,1,3,0,0,1,0,2,2,4,12,5,9,4,0,0,4,1,2,1,1,1
vhuA,0,0,0,0,0,1,0,0,0,0,0,0,0,0,0,0,0,0,0,0,0,0,1,0,0,0,0,0,0,0,0,0,0,0,0,0,0,0,0
vhuG,0,0,0,0,0,1,0,0,0,0,0,0,0,0,0,0,0,0,0,0,0,0,0,0,0,0,0,0,0,0,0,0,0,0,0,0,0,0,0
xoxF1,0,0,0,0,0,0,0,0,1,0,0,0,0,3,1,1,0,1,0,1,2,0,0,0,1,0,0,2,0,2,0,2,0,0,0,0,1,2,2
xoxF2,0,0,0,0,0,0,0,0,0,0,0,0,0,0,0,0,0,0,0,0,0,0,0,0,0,1,0,0,0,0,1,0,1,0,0,0,0,0,0
xoxF4,0,0,0,2,0,1,0,2,6,0,3,0,0,3,1,3,1,0,0,3,0,0,1,0,5,1,5,0,2,5,6,4,5,0,1,0,2,1,4
xoxF5,0,0,4,8,0,8,0,17,11,2,6,0,1,10,12,17,2,4,2,22,1,6,7,9,23,16,26,13,11,43,38,31,43,8,6,0,6,16,18
NR,0,13,20,2,1,20,1,16,24,5,23,3,11,31,14,16,5,8,5,14,5,6,27,9,44,65,28,54,23,43,29,31,32,22,6,30,26,37,20
amoA_A,0,0,0,0,0,0,0,1,0,0,0,0,1,0,0,0,0,0,0,0,0,0,0,0,0,0,0,0,0,0,0,0,0,0,0,0,0,0,0
amoA_B,0,0,0,0,0,0,0,1,0,0,0,0,0,0,0,0,0,0,0,0,0,0,0,0,0,0,0,0,0,0,0,0,0,0,0,0,0,0,0
amoB_A,0,0,0,0,0,0,0,1,1,0,0,0,1,0,0,0,0,0,0,0,0,0,0,0,0,0,0,0,0,0,0,0,0,0,0,0,0,0,0
amoB_B,0,1,0,0,0,0,0,1,0,0,0,0,0,0,0,0,0,0,0,0,0,0,0,0,0,1,0,0,0,0,0,0,0,0,0,0,0,0,0
amoC_A,0,0,1,1,0,1,0,1,0,0,1,0,1,0,1,0,0,0,1,0,0,0,0,0,0,0,0,0,0,0,0,0,0,0,0,0,0,0,0
amoC_B,0,0,0,0,0,0,0,1,0,0,0,0,0,0,0,0,0,0,0,0,0,1,0,1,0,0,0,1,0,0,0,0,0,1,0,1,0,0,0
ansB,2,0,3,1,1,1,2,7,2,2,2,4,2,4,0,6,4,2,3,1,1,6,5,1,4,1,4,5,4,6,3,6,6,3,2,4,3,3,3
asnB,3,11,18,6,1,25,4,26,28,1,21,12,18,35,24,53,18,17,14,54,6,19,37,11,76,60,69,64,44,75,52,59,50,29,18,38,49,75,23
gdh_K00260,0,1,0,1,0,0,0,0,2,0,1,2,0,1,0,2,1,0,2,1,0,1,0,0,1,1,0,0,1,1,0,1,1,2,0,1,1,0,0
gdh_K00261,0,8,9,0,1,14,0,3,11,4,14,6,4,9,17,24,5,11,8,14,1,14,14,9,24,28,13,19,13,15,21,18,10,13,6,18,15,21,10
gdh_K00262,2,9,8,1,2,5,0,4,14,2,9,3,7,13,6,10,1,7,4,13,0,7,12,4,22,20,8,23,23,19,14,14,6,14,4,6,15,16,0
gdh_K15371,0,25,14,1,2,32,0,6,9,14,15,14,8,20,16,35,9,15,11,10,3,9,13,4,25,22,22,33,18,25,26,26,13,17,27,11,26,20,9
glnA,1,65,46,3,5,81,5,31,54,28,46,55,26,59,66,105,34,52,48,44,7,40,74,42,90,85,76,93,51,83,64,74,42,58,39,72,87,91,45
glsA,2,10,14,3,4,20,6,10,14,6,13,14,7,15,20,33,4,14,10,21,5,19,19,11,24,29,23,25,26,27,25,28,19,17,17,35,16,27,10
gs_K00264,0,2,0,0,1,1,0,0,0,0,0,0,0,0,1,0,0,0,1,0,1,0,1,0,2,0,1,2,1,2,2,1,2,2,0,0,3,0,0
gs_K00265,0,21,19,3,1,26,7,6,12,16,18,25,9,25,19,26,5,13,21,21,6,21,17,17,33,35,28,42,35,51,31,32,25,25,35,30,20,37,4
gs_K00266,2,25,32,4,3,48,2,30,38,20,24,30,17,40,34,52,21,18,33,46,7,33,37,29,82,59,57,73,45,77,76,52,47,45,35,46,42,67,29
gs_K00284,1,9,9,0,0,4,0,8,10,6,9,4,4,6,8,10,4,12,3,3,2,12,5,8,19,10,5,7,3,7,3,8,2,6,1,13,8,7,4
hao,0,0,0,0,0,0,0,0,0,0,0,0,0,0,0,0,0,0,0,7,0,0,0,2,0,0,0,0,0,1,1,2,0,0,0,0,0,0,0
hcp,0,1,0,0,0,0,0,0,1,0,0,1,3,1,0,1,0,0,0,0,0,2,0,0,1,2,1,0,2,1,2,0,0,1,3,3,2,0,0
hzo,0,0,0,0,0,0,0,0,0,0,0,0,0,0,0,0,0,0,0,0,0,0,0,0,0,0,0,0,0,0,0,0,0,0,0,0,0,0,0
hzsA,0,0,0,0,0,0,0,0,0,0,0,0,0,0,0,0,0,0,0,0,0,0,0,0,0,0,0,0,0,0,0,0,0,0,0,0,0,0,0
hzsB,0,0,0,0,0,0,0,0,0,0,0,0,0,0,0,0,0,0,0,0,0,0,0,0,0,0,0,0,0,0,0,0,0,0,0,0,0,0,0
hzsC,0,0,0,0,0,0,0,0,0,0,0,0,0,0,0,0,0,0,0,0,0,0,0,0,0,0,0,0,0,0,0,0,0,0,0,0,0,0,0
nao,0,0,0,0,0,0,1,0,1,2,0,0,1,0,0,0,1,0,1,0,0,0,0,0,1,0,0,3,0,0,0,0,0,0,0,2,0,2,0
napA,0,2,4,0,0,6,0,5,3,2,3,2,3,2,3,3,1,6,3,5,0,1,2,1,6,2,7,6,1,1,7,1,7,5,3,3,2,3,1
napB,0,0,0,0,0,0,0,1,0,0,0,0,0,0,0,0,0,0,0,0,0,0,0,0,0,0,0,0,0,0,0,0,0,0,0,0,0,0,0
napC,0,0,0,0,0,0,0,0,0,0,0,1,0,0,0,0,0,0,0,0,0,0,0,0,1,0,1,0,0,0,0,0,0,1,3,0,0,0,0
narB,0,8,7,3,3,4,1,10,6,4,4,5,5,13,7,8,0,4,6,5,2,7,8,12,12,15,10,17,17,12,10,17,11,9,7,7,5,13,4
narC,0,0,2,0,0,4,0,0,1,1,0,0,2,3,1,7,0,3,4,3,1,2,5,2,4,4,1,8,1,3,4,2,0,1,0,0,3,1,2
narG,0,0,1,2,0,2,0,4,2,5,2,5,6,1,1,6,3,1,3,9,0,8,5,6,3,5,2,3,2,4,2,5,1,5,7,6,8,4,7
narH,0,1,0,0,0,1,0,2,0,1,1,2,1,2,3,1,0,2,2,7,0,2,2,0,1,3,3,5,3,4,5,4,2,2,4,2,2,1,5
narI,0,0,0,0,0,0,0,0,0,0,0,0,0,0,0,0,1,2,0,1,0,1,0,0,1,1,1,2,0,1,2,1,0,2,2,3,2,2,0
narJ,0,0,1,1,0,0,0,0,1,1,1,4,1,1,0,1,1,0,0,1,0,2,0,0,3,2,1,2,1,4,1,5,2,2,4,1,5,0,0
narW,0,0,0,1,0,0,0,0,0,0,0,0,0,0,0,0,0,0,0,0,0,0,0,0,0,0,1,0,0,0,0,0,0,0,0,0,0,0,0
narY,0,0,1,0,0,0,0,1,1,3,2,3,0,0,0,2,0,1,0,0,0,0,1,1,0,1,1,1,0,0,0,0,0,3,0,1,4,0,0
narZ,1,2,3,1,0,2,1,0,3,2,3,6,1,0,0,2,5,2,2,2,2,3,0,4,4,9,7,2,1,3,4,6,0,4,3,4,5,3,1
nasA,1,10,15,1,2,15,2,12,15,7,10,12,2,21,18,22,9,12,11,13,4,21,17,17,32,19,14,29,12,34,33,18,27,18,14,15,10,16,20
nasB,0,0,2,0,1,5,0,0,0,2,1,4,0,4,0,10,0,2,0,0,1,2,0,1,1,3,1,5,0,2,1,1,4,5,0,4,5,5,1
nifD,0,0,0,0,0,0,0,0,0,0,0,0,0,0,0,0,0,0,0,0,0,0,0,0,0,0,0,0,1,0,0,1,0,2,0,0,1,0,0
nifH,0,0,0,0,0,2,0,0,0,0,0,0,0,0,0,0,0,0,0,0,0,0,0,0,1,1,0,0,0,0,0,0,0,1,0,1,0,0,0
nifK,0,0,0,0,0,0,0,0,0,0,0,1,0,1,0,0,0,0,0,0,0,0,0,0,0,1,1,1,0,0,0,1,0,0,1,0,0,0,0
nirA,0,6,9,4,1,11,0,5,6,4,4,11,1,7,8,13,6,8,4,6,1,4,12,7,18,9,11,19,10,25,22,23,11,5,11,4,11,16,10
nirB,5,15,10,7,5,20,8,6,8,10,11,25,7,20,15,25,11,14,9,10,4,14,20,20,41,26,31,40,22,36,18,19,22,26,23,23,20,21,9
nirD,0,7,4,0,1,8,1,3,10,2,3,7,7,11,5,5,0,6,3,5,2,7,8,3,14,21,15,14,4,19,10,16,17,10,6,18,4,20,7
nirK,0,8,10,1,2,12,0,12,14,3,7,8,5,6,9,13,2,6,3,7,2,8,7,8,17,12,15,12,4,21,15,14,9,8,9,6,11,11,13
nirS,0,3,5,1,1,6,0,1,4,0,0,3,0,2,4,5,3,3,1,5,3,1,2,2,6,7,7,8,6,6,4,4,6,4,1,5,5,7,3
nmo,5,31,27,7,4,35,2,17,23,23,24,32,22,40,26,48,8,28,25,27,8,30,42,29,48,65,41,56,38,53,54,36,28,32,36,47,37,57,16
norB,0,0,2,0,0,2,0,3,1,0,5,0,1,2,1,4,2,0,1,2,0,1,2,2,8,2,1,3,2,6,5,6,6,3,5,0,0,0,4
norC,0,0,1,1,1,0,0,1,1,0,1,1,0,4,1,1,0,0,0,5,0,0,5,2,2,2,4,4,1,4,5,0,0,1,2,0,3,5,3
nosZ,0,10,5,1,0,6,0,8,8,3,11,3,3,5,6,15,1,2,4,14,4,5,7,8,13,11,8,17,7,18,9,12,9,3,12,11,13,15,12
nrfA,0,0,1,0,0,2,0,3,3,0,1,1,0,1,4,1,0,0,0,1,0,0,0,0,1,0,1,1,0,0,0,1,0,0,0,0,0,0,1
nrfB,0,0,0,0,0,0,0,0,0,0,0,0,0,0,0,0,0,0,0,0,0,0,0,0,0,0,0,0,0,0,0,0,0,0,1,0,0,0,0
nrfC,0,4,0,0,0,3,0,2,1,2,4,2,2,1,2,4,1,2,2,11,0,2,3,1,12,14,6,11,10,9,11,6,5,8,7,9,2,7,6
nrfD,0,0,0,0,0,0,0,0,1,0,0,0,0,0,0,0,0,0,0,0,0,0,0,0,0,2,1,2,1,1,1,0,0,0,0,1,0,2,0
nxrA,0,0,0,0,0,0,0,0,0,0,0,0,0,0,0,0,0,0,0,0,0,0,0,0,0,2,0,2,0,0,0,0,0,0,0,0,0,0,0
nxrB,0,0,0,0,0,1,0,3,3,1,0,0,0,1,0,1,1,0,0,0,0,2,0,0,0,2,0,0,0,0,0,1,0,0,0,0,3,0,2
pmoA,0,1,0,0,0,0,0,0,1,0,0,0,0,0,0,0,0,0,0,0,0,1,0,1,0,0,0,1,0,0,0,0,1,0,0,0,0,0,0
pmoB,0,1,0,0,0,1,0,0,1,1,1,0,0,1,0,0,0,0,0,0,0,1,1,1,1,0,1,1,1,0,1,0,0,0,0,1,2,1,0
pmoC,0,1,0,0,0,0,0,0,0,0,0,0,0,0,1,0,0,1,0,0,0,0,0,0,0,1,0,1,0,0,0,1,0,0,0,0,0,0,0
ureA,0,1,1,0,0,1,0,1,2,0,2,1,1,0,2,1,0,2,1,2,1,3,2,1,2,2,2,5,3,5,2,0,3,1,2,0,2,1,4
ureB,0,1,0,0,0,1,0,1,1,0,0,1,2,1,1,1,1,2,1,1,1,0,2,0,3,3,4,5,2,2,6,0,2,0,1,0,2,2,3
ureC,0,3,4,0,1,5,1,6,5,2,6,2,4,6,4,4,6,5,5,4,2,6,10,6,17,15,19,20,12,17,24,14,9,11,10,9,7,14,11
ADE2,1,3,3,1,0,4,0,3,2,1,1,4,2,5,2,5,0,1,2,2,1,3,4,3,4,3,3,10,5,4,6,3,1,2,3,8,4,4,0
RegX3,3,5,30,27,8,38,1,31,17,15,25,31,24,31,29,53,16,16,32,31,9,21,48,15,87,60,47,68,36,62,46,48,41,36,21,34,44,69,29
SenX3,0,4,5,4,2,13,0,6,2,5,5,11,3,6,6,20,3,4,4,7,4,6,10,11,31,21,12,24,14,24,20,14,10,13,6,21,18,22,6
adk,4,5,33,18,9,30,6,27,17,15,22,23,20,28,21,36,25,28,24,30,9,24,32,20,41,43,34,44,26,43,36,36,24,34,19,52,31,46,26
aepP,0,0,0,0,0,0,0,0,0,0,0,0,0,1,0,0,0,0,0,1,0,0,0,0,0,0,0,1,0,1,0,0,0,0,0,0,0,0,0
aepW,0,0,0,0,0,0,0,1,0,0,0,0,0,1,0,0,0,0,0,0,0,0,0,0,0,0,0,0,0,1,0,0,0,0,0,0,0,0,0
aepX,0,1,0,0,0,0,0,2,1,0,2,1,0,0,0,0,0,0,0,1,0,1,0,1,1,0,1,0,1,0,0,0,0,1,0,1,1,0,1
aphA,0,0,1,0,0,0,0,0,0,0,0,0,0,0,0,0,0,0,0,0,0,0,0,0,0,0,1,0,0,0,0,1,0,0,0,0,0,0,0
appA,0,1,1,0,0,0,0,0,0,0,0,0,1,0,0,0,0,0,0,0,0,0,0,0,1,2,0,0,0,0,0,1,0,0,0,0,0,0,0
cmk,6,12,33,29,7,41,9,40,22,13,42,39,31,55,30,77,18,24,22,49,8,35,47,35,95,90,52,107,59,71,63,67,43,38,43,77,56,76,29
dcd,0,0,3,4,1,7,0,2,3,4,5,4,1,3,6,9,3,7,5,4,1,3,2,1,7,6,6,12,7,11,14,5,7,4,2,2,9,10,0
deoB,2,3,9,3,2,5,2,6,4,5,4,8,3,3,4,6,3,5,7,9,1,2,4,5,8,9,5,5,6,4,7,10,1,2,6,8,5,7,3
dut,2,3,8,9,4,13,4,8,5,5,9,14,9,11,10,10,7,7,3,9,2,10,7,5,16,14,15,23,11,11,15,15,13,13,15,18,14,15,5
fomC,0,0,2,0,0,1,0,0,2,1,1,1,1,0,1,2,1,0,1,0,0,1,0,0,2,2,0,4,2,4,1,3,1,3,0,0,1,3,1
gcd,1,1,5,23,2,18,0,34,39,4,17,8,3,30,24,39,12,18,6,59,10,19,16,21,86,41,52,41,37,108,99,67,100,23,14,4,20,48,47
gdh,3,6,16,12,5,19,3,8,8,4,14,12,8,19,18,20,6,14,14,14,4,18,24,9,43,41,25,53,28,38,34,20,24,29,10,31,27,42,17
glpQ,5,11,17,10,4,22,7,10,9,9,11,24,7,12,17,19,3,7,19,14,8,17,13,18,25,21,20,29,21,22,15,12,15,15,18,32,33,13,12
glpT,1,1,3,3,1,0,1,4,3,0,5,3,1,3,1,6,0,2,2,5,0,7,4,2,13,6,4,4,5,9,8,7,3,2,3,5,6,4,4
gmk,4,4,9,4,4,9,2,6,6,8,12,12,11,10,8,17,9,10,7,11,4,12,9,5,26,19,22,24,20,17,20,24,11,9,14,18,18,15,15
gnd,7,7,30,29,7,28,11,32,17,12,27,15,20,38,23,46,7,24,23,27,10,32,33,17,56,54,47,60,41,52,50,44,29,50,12,46,34,48,19
gnl,2,1,23,16,3,25,2,27,16,12,22,9,6,33,26,22,11,13,14,32,5,9,23,13,68,37,49,59,45,62,56,66,39,29,16,17,16,38,31
gntK,2,8,15,15,2,15,6,7,5,9,10,17,5,13,20,29,4,7,8,21,7,21,24,17,52,65,39,68,26,47,29,34,18,26,20,49,25,47,16
guaA,4,7,35,25,4,33,3,29,23,15,27,30,17,33,29,49,13,26,27,20,7,27,29,19,50,65,37,65,25,51,42,47,32,31,37,35,32,50,21
guaB,2,6,20,18,9,48,3,37,24,12,18,27,23,30,41,70,10,19,21,28,11,19,43,20,65,68,52,55,32,42,46,34,28,31,19,31,38,44,30
htxA,0,0,0,0,0,0,0,0,0,0,0,0,0,0,0,0,0,0,0,0,0,0,0,0,0,0,0,1,0,0,0,0,0,0,0,0,0,0,0
htxB,0,0,0,0,0,0,0,0,0,0,0,0,0,1,0,0,0,0,0,0,0,0,0,0,0,0,0,0,0,0,0,0,0,0,0,0,0,0,0
lysR,3,12,10,23,6,9,5,13,13,13,22,25,21,51,9,26,9,8,15,19,15,26,32,24,101,54,77,79,73,81,56,39,49,53,52,45,39,39,20
ndk,4,6,6,10,2,4,4,11,5,5,12,12,4,10,10,13,4,11,9,8,6,11,14,9,20,27,6,22,14,11,15,14,12,11,10,13,15,13,5
nrdA,0,1,1,1,2,6,0,3,3,5,2,9,6,5,9,12,8,8,4,5,3,3,9,5,11,6,8,8,7,7,10,7,3,5,14,6,2,7,4
nrdB,0,0,2,1,0,4,0,2,3,4,0,6,1,2,0,4,1,1,3,0,0,1,0,1,4,4,3,1,2,2,4,5,1,3,8,1,2,3,0
nrdD,2,6,3,2,2,3,2,1,0,1,2,5,4,3,4,1,1,2,2,2,3,5,2,2,6,4,4,1,4,6,2,5,0,4,11,13,7,4,1
nrdE,4,6,4,2,1,0,1,3,2,1,1,6,4,2,0,3,2,2,4,1,2,10,3,10,0,3,0,8,5,4,0,7,2,4,6,10,6,1,0
nrdF,2,3,3,4,2,3,2,1,0,0,2,8,3,5,4,4,2,1,3,3,1,4,3,2,7,3,4,3,4,3,3,1,3,3,7,10,9,2,1
nrdJ,0,1,26,16,0,33,1,17,19,21,18,19,9,20,25,33,14,27,22,31,3,18,29,23,36,29,22,29,25,32,36,42,20,14,17,17,22,30,25
olpA,0,0,0,0,0,0,1,0,0,0,0,0,0,0,0,0,0,0,0,0,0,0,0,0,0,0,0,0,0,0,0,0,0,0,0,0,0,0,0
opd,0,0,6,1,0,2,0,3,0,1,0,0,0,2,0,1,0,0,0,0,0,0,3,0,5,3,4,1,3,5,8,1,1,0,1,1,1,3,1
pafA,0,0,0,1,0,3,0,1,0,1,2,0,2,0,0,1,0,0,0,1,0,0,0,0,1,2,0,0,0,1,1,0,1,0,0,0,0,0,0
pbfA,0,2,11,18,5,22,1,20,11,6,20,18,13,30,26,40,5,13,8,16,6,11,23,13,56,35,31,39,24,42,36,43,26,18,21,35,28,38,17
pckA,0,0,10,5,1,11,1,5,2,5,9,4,2,13,5,16,3,9,4,6,1,5,3,4,14,9,7,9,3,6,7,11,7,6,6,8,12,9,6
pckG,0,1,8,11,0,10,3,9,9,10,11,17,5,20,12,23,6,9,7,6,4,6,13,14,18,13,19,18,10,17,20,18,15,12,12,6,10,15,10
pepM,1,2,7,6,2,5,2,6,7,3,9,7,5,5,4,12,5,4,8,10,2,7,7,5,15,17,7,10,7,11,16,11,15,13,2,15,10,12,6
pgtA,0,0,0,0,0,1,0,2,0,0,2,0,1,2,1,1,0,2,0,1,0,2,0,1,3,1,2,2,2,3,1,2,3,3,2,0,0,0,0
pgtB,0,1,2,1,0,2,0,0,1,1,0,3,0,1,2,2,0,0,0,0,0,2,0,0,0,1,3,5,4,3,2,1,2,0,2,1,5,4,1
pgtC,0,0,0,0,0,0,0,3,1,0,1,0,0,0,0,0,0,0,0,0,0,0,0,0,0,0,0,0,0,0,0,0,0,0,0,0,0,0,1
pgtP,0,0,0,0,0,0,0,1,1,0,0,0,0,0,0,0,0,0,0,1,0,0,1,0,4,2,2,2,3,2,1,2,3,0,2,1,1,0,0
phnA,0,0,0,0,0,1,0,1,0,0,1,0,0,1,0,0,2,0,1,2,0,1,2,1,6,1,1,3,3,6,1,2,2,4,1,1,2,2,1
phnC,2,3,4,2,1,6,4,4,2,2,4,6,4,5,5,4,3,4,4,3,2,6,3,5,9,7,6,15,6,10,7,6,1,8,7,12,10,9,6
phnD,0,0,0,4,0,1,0,1,0,0,3,0,1,3,2,4,1,0,0,1,0,0,2,0,1,5,5,3,1,1,0,0,1,0,1,0,0,1,4
phnD_phosphite,1,0,1,1,1,0,1,1,1,0,3,1,2,1,1,0,0,1,1,0,1,1,0,1,5,1,3,1,0,2,0,2,2,1,2,2,3,3,2
phnE,4,7,6,2,2,5,5,5,5,7,2,8,6,7,4,4,5,4,4,6,5,9,6,7,8,13,12,6,7,11,5,7,3,11,11,15,10,12,7
phnF,2,2,12,3,1,6,5,3,4,8,8,10,9,4,6,19,2,9,8,9,2,5,9,9,23,12,19,17,18,15,8,5,7,16,9,15,14,11,4
phnG,0,0,0,0,0,0,0,0,0,0,0,0,0,1,0,0,0,0,1,0,0,0,0,0,2,1,1,0,1,0,0,0,0,0,0,0,0,0,0
phnH,0,0,0,0,0,0,0,0,0,0,0,0,0,2,0,0,0,0,0,0,0,0,0,0,1,0,0,0,1,0,1,0,0,0,0,0,0,0,0
phnI,0,0,0,1,0,1,0,3,0,1,1,1,1,1,0,1,0,0,0,0,0,0,0,0,0,4,1,1,3,0,2,2,2,0,0,0,1,1,0
phnJ,0,0,1,1,0,1,0,0,0,0,0,0,0,2,0,0,0,0,0,0,1,0,0,0,3,0,1,0,2,1,2,2,0,0,0,0,0,1,0
phnK,0,0,0,0,0,0,0,0,0,1,0,0,0,2,0,0,0,0,0,0,0,0,0,0,3,1,1,1,1,1,0,0,1,0,1,0,0,2,0
phnL,0,0,0,1,0,0,0,0,0,1,0,0,0,0,0,0,0,0,0,0,0,0,0,0,0,0,1,1,0,0,1,0,0,0,1,0,0,0,0
phnM,1,0,3,3,0,2,0,2,1,2,4,5,2,8,1,2,2,2,0,1,0,9,2,1,6,3,7,3,2,2,5,4,4,1,9,2,4,2,0
phnN,0,0,0,0,0,0,0,0,0,0,0,0,0,2,0,1,0,1,0,0,0,2,0,0,2,2,5,2,2,1,1,0,0,2,1,1,0,0,0
phnO,0,1,1,1,0,2,2,1,1,0,1,3,0,4,1,5,0,0,1,1,0,1,1,1,6,9,8,3,5,0,4,1,0,1,5,8,2,1,2
phnP,0,3,3,2,0,5,1,2,0,3,3,5,3,6,1,7,3,2,5,3,1,2,5,1,14,12,7,7,10,10,5,11,8,2,7,5,3,5,4
phnPP,2,0,7,2,1,14,1,6,3,3,2,5,2,4,9,12,3,5,5,3,1,6,7,5,8,13,8,20,4,11,12,7,2,7,4,17,6,12,2
phnR,0,0,0,0,0,0,0,0,0,0,0,0,0,0,0,0,0,0,0,0,0,0,0,0,0,0,0,0,0,0,0,0,0,0,0,0,0,1,0
phnS,0,1,0,0,0,2,0,5,3,1,3,1,1,0,0,3,1,1,1,1,0,0,0,3,1,1,1,1,1,0,1,2,0,0,1,0,2,4,8
phnT,0,1,0,0,0,0,0,0,0,0,0,0,0,0,0,0,0,0,0,0,0,0,0,0,0,0,0,0,0,0,0,0,0,0,0,0,0,0,0
phnU,0,0,0,1,0,2,0,1,0,0,1,0,0,1,1,4,0,2,0,1,0,0,2,2,2,2,1,6,1,3,0,0,2,0,0,0,0,2,3
phnV,0,2,3,0,0,3,0,2,2,1,2,3,2,3,3,2,0,2,0,3,2,5,3,3,2,2,1,2,4,5,2,2,1,1,2,3,6,4,5
phnW,5,7,10,19,0,14,6,12,11,5,15,13,10,24,12,28,12,12,12,24,10,19,21,18,42,39,21,44,23,36,32,23,32,26,18,31,33,29,24
phnX,1,2,3,0,2,1,1,0,1,0,0,2,0,2,0,2,0,2,1,1,1,4,1,3,4,2,7,8,3,6,1,8,1,3,0,3,4,1,0
phnY,0,0,0,1,0,0,0,0,0,0,0,0,0,1,0,0,0,0,1,0,0,0,0,0,0,0,0,2,0,0,0,0,0,0,0,0,1,0,0
phnZ,0,0,0,0,0,0,0,0,0,0,0,0,0,1,1,0,0,1,0,0,0,1,0,0,0,0,0,1,0,0,1,0,0,0,0,0,0,0,0
phny,0,0,4,1,0,3,1,7,1,1,2,2,1,2,1,2,2,0,3,0,2,1,6,0,8,6,4,4,4,5,3,10,8,2,1,2,1,1,4
phoA,0,5,3,4,0,1,2,5,1,2,2,6,3,4,0,6,2,1,0,2,0,4,3,4,2,5,4,3,7,2,1,1,2,1,7,8,6,3,4
phoB,7,45,129,118,20,133,20,147,108,46,147,129,106,204,128,215,64,83,56,204,39,108,147,93,491,343,332,414,274,510,363,288,303,203,174,265,182,319,162
phoC,0,0,0,0,0,0,0,0,0,0,0,0,0,0,0,0,0,0,0,0,0,0,0,1,1,0,0,0,1,0,0,1,0,1,0,0,0,0,0
phoD,0,1,6,6,3,13,1,11,7,2,7,7,4,16,5,6,3,3,2,10,0,4,13,2,10,8,15,13,3,9,4,5,8,3,5,7,14,10,12
phoH,1,3,9,8,2,9,4,9,12,5,10,9,8,14,10,18,4,7,8,14,5,6,14,5,10,9,16,15,10,20,16,12,6,7,15,6,11,13,12
phoN,0,0,0,0,0,0,0,0,0,0,0,1,0,0,0,0,0,0,0,1,0,0,0,0,0,0,0,1,0,2,0,1,0,1,0,0,0,0,0
phoP,3,16,34,35,9,54,6,39,37,18,47,40,31,64,45,81,19,28,34,58,10,43,50,56,138,118,116,155,83,122,107,94,73,54,54,112,75,127,52
phoR,9,29,87,86,13,122,8,107,54,33,71,81,66,101,94,162,44,65,62,110,28,80,95,83,232,238,178,320,119,199,181,150,107,131,105,233,188,228,103
phoU,1,8,9,5,0,10,0,10,10,2,14,11,5,10,8,18,3,9,6,10,3,8,2,7,21,19,20,23,14,13,34,19,10,6,7,11,13,18,8
phoX,0,0,8,1,1,12,0,3,3,0,2,8,1,1,8,1,4,1,3,1,0,1,0,0,2,2,2,1,0,0,1,0,0,0,4,1,4,0,3
phpC,1,0,7,1,1,4,1,1,3,2,1,3,2,1,6,5,2,3,3,2,1,1,4,3,10,8,3,6,5,8,5,2,8,6,6,5,4,7,1
phy,0,0,3,2,1,12,0,2,2,0,1,0,0,1,6,1,1,0,2,0,0,0,2,0,2,0,2,2,1,0,2,2,0,0,0,0,9,3,4
pit,0,0,8,5,0,4,1,6,3,5,5,7,5,5,6,13,7,4,0,11,0,4,5,4,8,10,11,10,13,15,13,13,6,7,4,5,7,5,5
ppa,2,5,14,9,1,17,3,11,7,7,5,7,5,8,15,10,10,4,6,9,1,5,7,9,17,24,17,40,21,20,19,26,7,16,11,16,16,16,7
ppc,0,1,9,2,0,6,1,2,2,4,10,8,3,5,10,20,2,8,8,10,1,3,4,3,23,21,9,26,19,16,12,11,10,7,16,20,4,12,2
ppd,0,0,1,3,0,1,0,3,3,3,3,1,1,8,4,2,2,0,3,1,2,3,4,2,9,5,2,9,4,4,3,8,3,1,0,2,3,4,4
ppdK,0,2,17,17,1,22,0,16,9,8,18,16,17,19,19,35,6,14,14,14,3,10,24,9,23,34,25,23,20,22,20,37,12,15,6,21,18,31,14
pphA,0,0,0,0,0,0,0,0,1,0,0,0,0,0,0,0,0,0,0,0,0,0,0,0,0,0,1,0,1,0,1,1,0,0,0,0,0,0,0
ppk,0,2,18,21,3,28,2,25,11,10,28,17,9,20,7,28,5,10,13,21,5,14,22,11,40,31,28,52,27,37,29,44,26,28,23,31,25,43,14
pps,1,1,5,4,2,11,1,2,4,4,3,8,6,9,6,15,8,6,8,10,3,5,7,0,11,16,10,18,8,11,7,10,10,12,12,9,9,12,6
ppx,0,1,9,7,4,13,1,4,7,4,5,16,7,13,6,19,5,6,6,7,2,4,12,3,14,23,11,27,7,10,20,17,7,6,10,8,13,14,7
prsA,5,8,23,26,6,14,9,21,18,17,23,32,24,37,24,46,19,27,14,30,13,32,26,22,55,32,40,51,31,40,26,39,31,31,27,43,33,49,14
pstA,2,4,7,6,3,15,0,5,8,4,4,6,8,10,4,14,5,8,4,11,1,9,10,7,17,17,16,17,18,8,8,18,7,12,9,15,17,14,7
pstB,2,5,8,9,1,8,0,9,8,5,11,11,8,9,6,18,8,8,8,8,2,6,11,5,16,20,17,11,13,15,17,12,5,14,13,19,17,19,11
pstC,1,5,7,9,0,18,1,9,5,3,9,14,3,9,6,19,1,6,2,8,6,8,12,9,14,21,11,24,14,12,14,13,11,13,9,16,13,21,5
pstS,2,10,23,56,5,41,4,59,18,20,49,29,25,48,33,82,10,15,12,63,12,25,54,32,153,112,104,137,74,117,107,78,75,72,18,78,34,89,38
ptsH,1,6,7,4,3,7,4,10,4,3,8,12,11,15,2,10,6,8,6,8,6,7,8,11,16,25,12,12,16,13,12,14,6,9,13,24,10,10,5
ptsI,8,8,27,18,4,19,3,19,10,15,17,27,11,27,22,29,13,22,19,17,9,17,18,11,38,34,22,43,20,19,19,18,17,25,30,35,24,24,10
ptxB,0,3,1,0,1,0,0,0,1,0,1,1,1,3,0,0,1,1,0,1,1,2,1,0,0,1,0,1,1,1,2,0,0,1,3,5,2,4,0
ptxC,0,1,0,0,0,0,0,1,0,0,0,0,0,0,1,0,0,0,0,0,0,0,0,0,1,0,0,0,0,0,0,0,0,0,0,1,0,0,1
ptxD,1,1,11,15,2,8,2,7,17,5,4,8,4,17,16,15,7,7,10,15,12,13,18,12,35,28,31,35,26,26,23,30,18,19,9,19,15,36,14
purA,1,1,9,14,3,10,2,7,8,3,9,11,8,15,17,24,6,14,7,13,9,11,13,11,28,21,21,21,16,18,20,24,16,11,8,14,15,23,11
purB,1,1,19,13,3,15,1,21,11,13,15,19,18,21,9,27,9,13,14,17,7,15,22,15,34,35,31,52,22,36,30,39,21,26,22,24,21,20,19
purC,2,6,20,16,5,12,2,12,10,6,24,17,20,23,17,21,12,11,8,15,1,21,13,23,35,31,25,33,23,29,30,22,15,16,14,24,26,19,10
purD,3,6,17,18,4,16,2,16,10,9,17,17,17,23,16,29,15,12,6,17,4,14,16,14,29,36,22,26,15,38,28,30,19,15,13,25,24,36,21
purE,1,3,3,5,1,5,2,9,5,3,5,8,2,3,9,12,4,5,6,6,4,6,5,6,20,11,5,11,8,8,9,19,8,5,9,11,11,17,9
purF,3,5,14,15,1,16,4,19,18,10,12,23,10,17,21,41,12,11,21,21,6,21,18,18,48,40,34,32,26,36,23,35,13,16,19,30,23,36,17
purH,1,3,16,18,2,17,1,10,7,8,10,14,9,20,9,30,8,10,9,21,4,20,14,11,28,26,26,42,15,39,30,23,22,16,17,21,22,31,11
purK,2,4,7,5,2,5,2,5,6,6,3,14,8,8,6,9,5,8,6,1,4,5,11,10,19,14,18,22,14,19,8,12,9,11,9,12,12,10,8
purL,3,4,18,14,3,25,2,21,14,6,21,23,14,32,12,41,13,20,19,15,6,25,19,10,39,41,41,55,29,30,34,26,21,21,31,35,21,40,14
purM,1,4,7,5,5,9,2,15,8,1,11,3,8,12,5,28,4,9,7,13,4,17,12,10,19,20,16,20,12,18,20,19,11,13,15,15,13,23,4
purN,2,8,3,14,4,9,2,17,3,8,12,13,9,12,8,16,7,6,9,27,4,5,14,11,35,20,38,27,20,20,13,20,18,7,11,19,16,22,11
purP,0,0,0,0,0,1,0,1,1,0,2,0,1,0,0,1,0,0,0,0,0,0,0,0,1,0,0,0,0,2,1,3,0,0,0,0,0,0,1
purQ,1,2,5,10,0,5,3,6,6,2,8,4,6,9,6,14,3,7,5,6,1,7,3,13,8,10,8,13,7,8,15,6,9,6,6,10,14,13,7
purS,1,2,4,5,1,4,1,4,3,2,2,2,4,8,3,11,1,0,2,3,2,0,5,4,10,10,8,9,7,4,4,7,8,2,5,17,7,6,4
purT,0,0,1,2,0,2,0,1,2,1,0,1,0,2,1,3,0,1,1,0,0,0,0,2,3,2,3,0,2,2,1,2,1,2,10,2,2,3,1
pyk,3,8,17,18,3,15,4,13,6,10,17,20,5,19,16,27,9,16,16,13,7,15,17,19,32,25,24,36,23,27,22,29,15,21,26,30,27,35,19
pyrE,2,7,9,5,2,10,2,8,9,2,12,13,6,10,9,13,5,11,8,11,6,15,6,13,26,22,18,27,10,22,15,13,15,12,15,19,17,23,12
pyrF,1,2,5,7,3,7,4,15,6,5,12,6,7,6,10,8,3,7,7,3,3,15,11,11,21,18,12,13,12,18,11,11,7,9,8,15,11,7,6
pyrG,3,8,19,18,1,29,2,22,18,16,24,24,15,26,21,35,12,12,14,27,9,20,33,13,42,38,26,46,19,40,31,29,25,24,22,24,23,38,20
pyrH,4,6,15,7,4,21,5,9,8,11,9,15,10,12,17,16,7,9,9,13,3,13,15,13,29,19,18,26,17,17,14,16,10,17,11,23,20,19,7
rpiA,1,5,13,11,1,11,5,4,7,4,8,13,6,8,13,16,3,6,7,10,4,15,10,10,17,24,10,32,24,23,24,16,14,17,10,32,19,16,11
rtpR,0,1,0,0,2,0,1,0,1,0,1,4,0,1,0,2,0,2,2,0,1,3,4,1,3,3,0,3,3,2,2,3,1,1,1,10,1,3,0
spoT,2,8,25,22,4,33,3,22,15,17,25,30,21,37,21,53,12,19,17,28,5,23,27,25,60,46,41,51,29,47,29,41,20,19,30,32,32,48,16
thyA,4,6,7,12,2,12,2,7,11,11,8,16,8,16,11,27,7,8,7,14,7,13,22,12,31,27,25,30,22,32,24,20,16,20,19,26,19,26,14
tmk,7,8,60,39,19,68,6,51,16,6,54,59,26,33,56,81,11,21,26,43,16,70,65,57,167,194,97,209,42,92,109,73,61,97,23,162,120,199,39
ugpA,8,13,42,24,8,25,9,31,14,14,41,43,14,41,40,56,18,27,44,17,7,65,45,54,79,103,48,69,56,32,32,34,23,45,23,81,76,88,26
ugpB,3,4,21,2,3,10,2,5,6,5,6,18,7,17,7,18,8,7,8,2,5,29,10,21,28,37,24,31,24,17,9,14,4,12,10,33,20,20,7
ugpC,2,7,59,53,3,70,3,44,26,20,51,44,21,45,66,81,26,32,38,29,4,47,54,31,70,82,73,75,49,52,45,60,48,47,28,50,118,61,52
ugpE,9,17,44,15,11,31,9,25,25,22,20,43,17,37,40,53,16,34,28,15,7,64,33,48,69,114,45,95,47,28,19,31,30,55,28,81,64,75,21
ugpQ,2,2,4,0,1,1,4,2,2,3,1,7,1,4,2,3,2,2,3,3,2,2,3,2,0,5,2,3,5,2,3,2,2,1,4,6,4,3,0
ushA,3,7,10,1,1,6,1,2,1,9,2,12,6,7,6,7,4,7,5,5,2,12,3,8,8,9,11,5,9,6,5,7,2,7,16,11,20,2,6
